sample_id,stage_index,start_month,end_month,treatment_level,intensity,frequency,stage_start_score,stage_end_score,stage_cost
365,1,1,1,2,2,9,61.0,56.43035457480302,260.0
365,2,2,5,1,2,9,56.43035457480302,41.3280158693334,840.0
365,3,6,6,1,2,10,41.3280158693334,38.02177459978673,230.0
