sample_id,stage_index,start_month,end_month,treatment_level,intensity,frequency,stage_start_score,stage_end_score,stage_cost
3,1,1,1,2,3,8,59.0,53.177568437316204,336.0
3,2,2,3,1,3,8,53.177568437316204,43.19976678469783,572.0
3,3,4,6,1,3,9,43.19976678469783,30.979776930732754,954.0
