sample_id,stage_index,start_month,end_month,treatment_level,intensity,frequency,stage_start_score,stage_end_score,stage_cost
178,1,1,1,3,1,9,64.0,61.12561791454743,238.0
178,2,2,2,2,1,9,61.12561791454743,58.38033070992566,188.0
178,3,3,5,1,1,9,58.38033070992566,50.862349300253996,414.0
178,4,6,6,1,1,10,50.862349300253996,48.3192318352413,150.0
