sample_id,stage_index,start_month,end_month,treatment_level,intensity,frequency,stage_start_score,stage_end_score,stage_cost
720,1,1,1,3,3,8,64.0,57.68414203369893,386.0
720,2,2,5,1,3,8,57.68414203369893,38.0681955632513,1144.0
720,3,6,6,1,3,9,38.0681955632513,34.074376652073184,318.0
