sample_id,stage_index,start_month,end_month,treatment_level,intensity,frequency,stage_start_score,stage_end_score,stage_cost
649,1,1,1,3,1,9,63.0,60.17053013463263,238.0
649,2,2,2,2,1,9,60.17053013463263,57.46813804258307,188.0
649,3,3,5,1,1,9,57.46813804258307,50.067625092437524,414.0
649,4,6,6,1,1,10,50.067625092437524,47.564243837815646,150.0
