sample_id,stage_index,start_month,end_month,treatment_level,intensity,frequency,stage_start_score,stage_end_score,stage_cost
313,1,1,2,3,1,9,65.0,59.292523377268246,476.0
313,2,3,3,2,1,9,59.292523377268246,56.62956451794172,188.0
313,3,4,5,1,1,9,56.62956451794172,51.65707350807046,276.0
313,4,6,6,1,1,10,51.65707350807046,49.074219832666934,150.0
