sample_id,stage_index,start_month,end_month,treatment_level,intensity,frequency,stage_start_score,stage_end_score,stage_cost
806,1,1,1,3,3,8,62.0,55.88151259514584,386.0
806,2,2,5,1,3,8,55.88151259514584,36.8785644518997,1144.0
806,3,6,6,1,3,9,36.8785644518997,33.0095523816959,318.0
