sample_id,stage_index,start_month,end_month,treatment_level,intensity,frequency,stage_start_score,stage_end_score,stage_cost
856,1,1,1,3,2,9,64.0,59.20561791454743,310.0
856,2,2,2,2,2,9,59.20561791454743,54.77039363505281,260.0
856,3,3,5,1,2,9,54.77039363505281,43.360541239956355,630.0
856,4,6,6,1,2,10,43.360541239956355,39.89169794075985,230.0
