sample_id,stage_index,start_month,end_month,treatment_level,intensity,frequency,stage_start_score,stage_end_score,stage_cost
926,1,1,1,3,1,9,62.0,59.21544235471782,238.0
926,2,2,2,2,1,9,59.21544235471782,56.555945375240476,188.0
926,3,3,5,1,1,9,56.555945375240476,49.27290088462105,414.0
926,4,6,6,1,1,10,49.27290088462105,46.809255840389994,150.0
