sample_id,stage_index,start_month,end_month,treatment_level,intensity,frequency,stage_start_score,stage_end_score,stage_cost
116,1,1,1,2,1,9,60.0,57.30526679488822,188.0
116,2,2,5,1,1,9,57.30526679488822,47.683452468988115,552.0
116,3,6,6,1,1,10,47.683452468988115,45.299279845538706,150.0
