sample_id,stage_index,start_month,end_month,treatment_level,intensity,frequency,stage_start_score,stage_end_score,stage_cost
737,1,1,1,3,3,8,63.0,56.782827314422384,386.0
737,2,2,5,1,3,8,56.782827314422384,37.4733800075755,1144.0
737,3,6,6,1,3,9,37.4733800075755,33.54196451688454,318.0
