sample_id,stage_index,start_month,end_month,treatment_level,intensity,frequency,stage_start_score,stage_end_score,stage_cost
416,1,1,1,3,2,9,65.0,60.130705694462236,310.0
416,2,2,2,2,2,9,60.130705694462236,55.62618103560051,260.0
416,3,3,5,1,2,9,55.62618103560051,44.03804969683067,630.0
416,4,6,6,1,2,10,44.03804969683067,40.515005721084215,230.0
