sample_id,stage_index,start_month,end_month,treatment_level,intensity,frequency,stage_start_score,stage_end_score,stage_cost
711,1,1,1,2,3,8,61.0,54.980197875869294,336.0
711,2,2,3,1,3,8,54.980197875869294,44.66416565875538,572.0
711,3,4,6,1,3,9,44.66416565875538,32.02993886058809,954.0
