sample_id,stage_index,start_month,end_month,treatment_level,intensity,frequency,stage_start_score,stage_end_score,stage_cost
313,1,1,2,3,1,10,65.0,58.662499999999994,500.0
313,2,3,3,2,1,10,58.662499999999994,55.72937499999999,200.0
313,3,4,6,1,1,10,55.72937499999999,47.78097289062498,450.0
