sample_id,stage_index,start_month,end_month,treatment_level,intensity,frequency,stage_start_score,stage_end_score,stage_cost
267,1,1,1,3,1,10,63.0,59.849999999999994,250.0
267,2,2,2,2,1,10,59.849999999999994,56.857499999999995,200.0
267,3,3,6,1,1,10,56.857499999999995,46.31078910937499,600.0
