sample_id,stage_index,start_month,end_month,treatment_level,intensity,frequency,stage_start_score,stage_end_score,stage_cost
720,1,1,1,3,2,9,64.0,59.519999999999996,310.0
720,2,2,2,2,2,10,59.519999999999996,54.7584,280.0
720,3,3,6,1,3,10,54.7584,34.356647295744004,1400.0
