sample_id,stage_index,start_month,end_month,treatment_level,intensity,frequency,stage_start_score,stage_end_score,stage_cost
935,1,1,1,3,2,10,65.0,59.800000000000004,330.0
935,2,2,2,2,2,10,59.800000000000004,55.016000000000005,280.0
935,3,3,6,1,2,10,55.016000000000005,39.41307508736001,920.0
