ccp_alpha,mean_balanced_accuracy,std_balanced_accuracy,mean_n_leaves,mean_depth
0.013785401847328904,0.8085867620751342,0.049362213756995704,3.6,2.6
0.008845148701261796,0.7663685152057246,0.11968374539298894,4.8,3.8
8.299304396174604e-15,0.7663685152057246,0.11968374539298894,5.2,4.0
0.0,0.7663685152057246,0.11968374539298894,5.2,4.0
0.08871100841722912,0.7550983899821109,0.07955999529540815,2.6,1.6
0.14759036144577986,0.6558139534883721,0.0833973073350749,1.8,0.8
