feature_a,feature_b,mean_abs_interaction
痰湿质,血尿酸,0.0019051424399047377
痰湿质,IADL总分,0.0004927191736100225
痰湿质,ADL总分,0.00038402198835009677
