模型,参数,系数,OR,下限95CI,上限95CI,p值
模型B_不含直接血脂指标,C(age_group)[T.2],-0.5213460275601213,0.5937208452592536,0.3544315742961562,0.9945627524731098,0.047627471268557375
模型B_不含直接血脂指标,C(age_group)[T.3],-0.8182580759903495,0.441199521568468,0.26711970612088787,0.7287257861243339,0.0013934463242675753
模型B_不含直接血脂指标,C(age_group)[T.4],-0.24911119412591715,0.7794932934902142,0.4468249369069799,1.35983859540658,0.3802734456137181
模型B_不含直接血脂指标,C(age_group)[T.5],-0.5528375233744663,0.5753150222792428,0.3383819565169624,0.9781472341701941,0.041195368527317026
模型B_不含直接血脂指标,uric_acid,0.0028939635184097477,1.0028981550732596,1.0017871935291371,1.004010348651052,3.096035194032968e-07
模型B_不含直接血脂指标,smoking,-0.27329180148974164,0.760870732019327,0.5560050142060291,1.0412213128515144,0.08771556483048469
