模型,变量,knot_5%,knot_35%,knot_65%,knot_95%,最终形式
模型A_含直接血脂指标,HDL-C（高密度脂蛋白）,0.877855,1.218225,1.4029,1.7180549999999999,RCS样条
模型A_含直接血脂指标,LDL-C（低密度脂蛋白）,1.5923800000000001,2.404,2.84134,3.5942049999999997,RCS样条
模型A_含直接血脂指标,TG（甘油三酯）,0.57031,1.28712,2.222725,3.7214,RCS样条
模型A_含直接血脂指标,TC（总胆固醇）,3.0925350000000003,4.897815,6.837405,8.684835,RCS样条
模型A_含直接血脂指标,血尿酸,104.95,280.29999999999995,425.0,539.0999999999999,RCS样条
