模型,参数,系数,标准误,z值,p值,下限95CI,上限95CI
模型B_不含直接血脂指标,C(age_group)[T.2],-0.7012731801317889,0.30843263126856724,-2.273667274592474,0.0229859992125155,-1.3057900290751032,-0.0967563311884746
模型B_不含直接血脂指标,C(age_group)[T.3],-0.7762956127202323,0.29916471024847324,-2.5948769561606206,0.009462478736813999,-1.3626476702526007,-0.18994355518786388
模型B_不含直接血脂指标,C(age_group)[T.4],-0.03614190212227411,0.32699445633271174,-0.11052756834966124,0.9119909874245561,-0.6770392596786445,0.6047554554340964
模型B_不含直接血脂指标,C(age_group)[T.5],-0.21925853979618182,0.3128285190959032,-0.7008905084160955,0.483371348305663,-0.8323911705611526,0.393874090968789
模型B_不含直接血脂指标,"cr(uric_acid, knots=(280.3, 425), lower_bound=104.95, upper_bound=539.1)[0]",1.1674942582009198,0.537326924962712,2.1727819767861782,0.029796730430292833,0.11435283735034818,2.220635679051491
模型B_不含直接血脂指标,"cr(uric_acid, knots=(280.3, 425), lower_bound=104.95, upper_bound=539.1)[1]",-3.187584849163894,0.3430376186487032,-9.292231160303807,1.510873672330655e-20,-3.8599262270577377,-2.5152434712700504
模型B_不含直接血脂指标,"cr(uric_acid, knots=(280.3, 425), lower_bound=104.95, upper_bound=539.1)[2]",-0.11799434366851191,0.25213332511308983,-0.46798392721623644,0.6397960837371814,-0.6121665801924963,0.3761778928554725
模型B_不含直接血脂指标,"cr(uric_acid, knots=(280.3, 425), lower_bound=104.95, upper_bound=539.1)[3]",5.327269737021139,1.2102057402117696,4.401953783568188,1.0728041231479188e-05,2.9553100723224333,7.699229401719844
模型B_不含直接血脂指标,smoking,-0.3246006354006149,0.18984880127669784,-1.7097850142731272,0.08730563514409034,-0.6966974484110445,0.04749617760981473
