模型,AUC,Youden最优阈值,灵敏度,特异度,Brier评分
模型A_含直接血脂指标,1.0,0.9999999998211653,1.0,1.0,2.5928232949110923e-22
模型B_不含直接血脂指标,0.871679124708348,0.8434113223586016,0.6960907944514502,0.927536231884058,0.11538714035827613
