模型A_AUC,模型B_AUC,DeLong检验p值,是否存在显著差异
1.0,0.8716791247083475,1.1808085475006575e-30,是
