模型,变量,knot_5%,knot_35%,knot_65%,knot_95%,最终形式
模型B_不含直接血脂指标,血尿酸,104.95,280.29999999999995,425.0,539.0999999999999,RCS样条
