method,brier_score,log_loss,roc_auc
isotonic,0.00042756638625562513,0.002745982924290182,1.0
sigmoid,0.0022419551596289246,0.02308786962666618,1.0
raw,0.003997238095238095,0.031389630191750915,1.0
