feature,mean_abs_shap
TG（甘油三酯）,0.17251591522385873
TC（总胆固醇）,0.16965856243532665
血尿酸,0.05888207277963201
LDL-C（低密度脂蛋白）,0.027410226804003002
HDL-C（高密度脂蛋白）,0.01461764101586517
ADL总分,0.0022881826641477825
性别,0.001746961235366714
痰湿质,0.0014071646503019668
吸烟史,0.0013877769034689412
年龄组,0.0013658107438490892
