ccp_alpha,mean_balanced_accuracy,std_balanced_accuracy,mean_n_leaves,mean_depth
8.98247884342068e-15,1.0,0.0,3.0,2.0
2.8083478694994784e-15,1.0,0.0,3.0,2.0
0.0,1.0,0.0,3.0,2.0
0.2499999999999971,0.9186046511627908,0.0997563283233824,2.6,1.6
