feature_a,feature_b,mean_abs_interaction
痰湿质,TG（甘油三酯）,0.0012779652691566473
痰湿质,TC（总胆固醇）,0.0010979874400300258
痰湿质,血尿酸,0.0007867112715259152
痰湿质,LDL-C（低密度脂蛋白）,0.0007034450729400232
痰湿质,HDL-C（高密度脂蛋白）,0.0005897804732361883
痰湿质,ADL总分,0.0003773716086250359
