method,brier_score,log_loss,roc_auc
raw,0.10121930197925906,0.30351358663523026,0.9000186393289843
isotonic,0.10218661411747652,0.3021266651226831,0.892991612301957
sigmoid,0.10618373196002101,0.3250703822106319,0.8967878223050636
