feature,mean_abs_shap
血尿酸,0.30586047050332565
性别,0.04076776029579836
痰湿质,0.038422290136096306
ADL总分,0.034609026265025815
年龄组,0.02962472799466171
吸烟史,0.017329570604093566
