split,n,positive_n,negative_n,positive_rate
train,700,555,145,0.7928571428571428
test,300,238,62,0.7933333333333333
