sample_id,month,S_start,S_end,treatment_level,intensity,frequency,monthly_decline_rate,monthly_tcm_cost,monthly_exercise_cost,monthly_total_cost,cumulative_cost,cumulative_load
920,1,59.0,54.58017901497341,2,2,9,0.07491222008519635,80.0,180.0,260.0,260.0,18
920,2,54.58017901497341,50.4914566323143,1,2,9,0.07491222008519635,30.0,180.0,210.0,470.0,36
920,3,50.4914566323143,46.70902952065222,1,2,9,0.07491222008519635,30.0,180.0,210.0,680.0,54
920,4,46.70902952065222,43.20995242123519,1,2,9,0.07491222008519635,30.0,180.0,210.0,890.0,72
920,5,43.20995242123519,39.97299895558475,1,2,9,0.07491222008519635,30.0,180.0,210.0,1100.0,90
920,6,39.97299895558475,36.77515903913797,1,2,10,0.08,30.0,200.0,230.0,1330.0,110
