sample_id,month,S_start,S_end,treatment_level,intensity,frequency,monthly_decline_rate,monthly_tcm_cost,monthly_exercise_cost,monthly_total_cost,cumulative_cost,cumulative_load
437,1,58.0,55.395091235058615,1,1,9,0.04491222008519636,30.0,108.0,138.0,138.0,9
437,2,55.395091235058615,52.90717470587013,1,1,9,0.04491222008519636,30.0,108.0,138.0,276.0,18
437,3,52.90717470587013,50.53099603139416,1,1,9,0.04491222008519636,30.0,108.0,138.0,414.0,27
437,4,50.53099603139416,48.261536816508006,1,1,9,0.04491222008519636,30.0,108.0,138.0,552.0,36
437,5,48.261536816508006,46.09400405335519,1,1,9,0.04491222008519636,30.0,108.0,138.0,690.0,45
437,6,46.09400405335519,43.78930385068743,1,1,10,0.05,30.0,120.0,150.0,840.0,55
