sample_id,month,S_start,S_end,treatment_level,intensity,frequency,monthly_decline_rate,monthly_tcm_cost,monthly_exercise_cost,monthly_total_cost,cumulative_cost,cumulative_load
898,1,58.0,52.276253718039655,1,3,8,0.09868528072345416,30.0,256.0,286.0,286.0,24
898,2,52.276253718039655,47.1173569447044,1,3,8,0.09868528072345416,30.0,256.0,286.0,572.0,48
898,3,47.1173569447044,42.17417042308881,1,3,9,0.10491222008519635,30.0,288.0,318.0,890.0,75
898,4,42.17417042308881,37.749584573751136,1,3,9,0.10491222008519635,30.0,288.0,318.0,1208.0,102
898,5,37.749584573751136,33.78919184882502,1,3,9,0.10491222008519635,30.0,288.0,318.0,1526.0,129
898,6,33.78919184882502,30.244292717080164,1,3,9,0.10491222008519635,30.0,288.0,318.0,1844.0,156
