sample_id,month,S_start,S_end,treatment_level,intensity,frequency,monthly_decline_rate,monthly_tcm_cost,monthly_exercise_cost,monthly_total_cost,cumulative_cost,cumulative_load
720,1,64.0,57.68414203369893,3,3,8,0.09868528072345416,130.0,256.0,386.0,386.0,24
720,2,57.68414203369893,51.99156628381175,1,3,8,0.09868528072345416,30.0,256.0,286.0,672.0,48
720,3,51.99156628381175,46.86076396984171,1,3,8,0.09868528072345416,30.0,256.0,286.0,958.0,72
720,4,46.86076396984171,42.23629632256236,1,3,8,0.09868528072345416,30.0,256.0,286.0,1244.0,96
720,5,42.23629632256236,38.0681955632513,1,3,8,0.09868528072345416,30.0,256.0,286.0,1530.0,120
720,6,38.0681955632513,34.074376652073184,1,3,9,0.10491222008519635,30.0,288.0,318.0,1848.0,147
