sample_id,month,S_start,S_end,treatment_level,intensity,frequency,monthly_decline_rate,monthly_tcm_cost,monthly_exercise_cost,monthly_total_cost,cumulative_cost,cumulative_load
3,1,59.0,53.177568437316204,2,3,8,0.09868528072345416,80.0,256.0,336.0,336.0,24
3,2,53.177568437316204,47.92972516788896,1,3,8,0.09868528072345416,30.0,256.0,286.0,622.0,48
3,3,47.92972516788896,43.19976678469783,1,3,8,0.09868528072345416,30.0,256.0,286.0,908.0,72
3,4,43.19976678469783,38.667583344152455,1,3,9,0.10491222008519635,30.0,288.0,318.0,1226.0,99
3,5,38.667583344152455,34.61088133018806,1,3,9,0.10491222008519635,30.0,288.0,318.0,1544.0,126
3,6,34.61088133018806,30.979776930732754,1,3,9,0.10491222008519635,30.0,288.0,318.0,1862.0,153
