sample_id,month,S_start,S_end,treatment_level,intensity,frequency,monthly_decline_rate,monthly_tcm_cost,monthly_exercise_cost,monthly_total_cost,cumulative_cost,cumulative_load
864,1,63.0,60.17053013463263,3,1,9,0.04491222008519636,130.0,108.0,238.0,238.0,9
864,2,60.17053013463263,57.46813804258307,2,1,9,0.04491222008519636,80.0,108.0,188.0,426.0,18
864,3,57.46813804258307,54.887116378928134,1,1,9,0.04491222008519636,30.0,108.0,138.0,564.0,27
864,4,54.887116378928134,52.422014128275926,1,1,9,0.04491222008519636,30.0,108.0,138.0,702.0,36
864,5,52.422014128275926,50.067625092437524,1,1,9,0.04491222008519636,30.0,108.0,138.0,840.0,45
864,6,50.067625092437524,47.564243837815646,1,1,10,0.05,30.0,120.0,150.0,990.0,55
