sample_id,month,S_start,S_end,treatment_level,intensity,frequency,monthly_decline_rate,monthly_tcm_cost,monthly_exercise_cost,monthly_total_cost,cumulative_cost,cumulative_load
737,1,63.0,56.782827314422384,3,3,8,0.09868528072345416,130.0,256.0,386.0,386.0,24
737,2,56.782827314422384,51.17919806062719,1,3,8,0.09868528072345416,30.0,256.0,286.0,672.0,48
737,3,51.17919806062719,46.12856453281294,1,3,8,0.09868528072345416,30.0,256.0,286.0,958.0,72
737,4,46.12856453281294,41.576354192522324,1,3,8,0.09868528072345416,30.0,256.0,286.0,1244.0,96
737,5,41.576354192522324,37.4733800075755,1,3,8,0.09868528072345416,30.0,256.0,286.0,1530.0,120
737,6,37.4733800075755,33.54196451688454,1,3,9,0.10491222008519635,30.0,288.0,318.0,1848.0,147
