sample_id,month,S_start,S_end,treatment_level,intensity,frequency,monthly_decline_rate,monthly_tcm_cost,monthly_exercise_cost,monthly_total_cost,cumulative_cost,cumulative_load
123,1,63.0,58.28053013463263,3,2,9,0.07491222008519635,130.0,180.0,310.0,310.0,18
123,2,58.28053013463263,53.91460623450511,1,2,9,0.07491222008519635,30.0,180.0,210.0,520.0,36
123,3,53.91460623450511,49.87574338645916,1,2,9,0.07491222008519635,30.0,180.0,210.0,730.0,54
123,4,49.87574338645916,46.139440720979955,1,2,9,0.07491222008519635,30.0,180.0,210.0,940.0,72
123,5,46.139440720979955,42.683032783082034,1,2,9,0.07491222008519635,30.0,180.0,210.0,1150.0,90
123,6,42.683032783082034,39.26839016043547,1,2,10,0.08,30.0,200.0,230.0,1380.0,110
