sample_id,month,S_start,S_end,treatment_level,intensity,frequency,monthly_decline_rate,monthly_tcm_cost,monthly_exercise_cost,monthly_total_cost,cumulative_cost,cumulative_load
523,1,57.0,54.44000345514381,1,1,9,0.04491222008519636,30.0,108.0,138.0,138.0,9
523,2,54.44000345514381,51.99498203852754,1,1,9,0.04491222008519636,30.0,108.0,138.0,276.0,18
523,3,51.99498203852754,49.65977196188736,1,1,9,0.04491222008519636,30.0,108.0,138.0,414.0,27
523,4,49.65977196188736,47.42944135415441,1,1,9,0.04491222008519636,30.0,108.0,138.0,552.0,36
523,5,47.42944135415441,45.29927984553872,1,1,9,0.04491222008519636,30.0,108.0,138.0,690.0,45
523,6,45.29927984553872,43.03431585326178,1,1,10,0.05,30.0,120.0,150.0,840.0,55
