sample_id,month,S_start,S_end,treatment_level,intensity,frequency,monthly_decline_rate,monthly_tcm_cost,monthly_exercise_cost,monthly_total_cost,cumulative_cost,cumulative_load
335,1,60.0,57.30526679488822,2,1,9,0.04491222008519636,80.0,108.0,188.0,188.0,9
335,2,57.30526679488822,54.7315600405553,1,1,9,0.04491222008519636,30.0,108.0,138.0,326.0,18
335,3,54.7315600405553,52.27344417040774,1,1,9,0.04491222008519636,30.0,108.0,138.0,464.0,27
335,4,52.27344417040774,49.92572774121516,1,1,9,0.04491222008519636,30.0,108.0,138.0,602.0,36
335,5,49.92572774121516,47.683452468988115,1,1,9,0.04491222008519636,30.0,108.0,138.0,740.0,45
335,6,47.683452468988115,45.299279845538706,1,1,10,0.05,30.0,120.0,150.0,890.0,55
