sample_id,month,S_start,S_end,treatment_level,intensity,frequency,monthly_decline_rate,monthly_tcm_cost,monthly_exercise_cost,monthly_total_cost,cumulative_cost,cumulative_load
5,1,58.0,53.65509123505861,1,2,9,0.07491222008519635,30.0,180.0,210.0,210.0,18
5,2,53.65509123505861,49.63566923176661,1,2,9,0.07491222008519635,30.0,180.0,210.0,420.0,36
5,3,49.63566923176661,45.9173510542005,1,2,9,0.07491222008519635,30.0,180.0,210.0,630.0,54
5,4,45.9173510542005,42.47758034629901,1,2,9,0.07491222008519635,30.0,180.0,210.0,840.0,72
5,5,42.47758034629901,39.29549049871044,1,2,9,0.07491222008519635,30.0,180.0,210.0,1050.0,90
5,6,39.29549049871044,36.15185125881361,1,2,10,0.08,30.0,200.0,230.0,1280.0,110
