sample_id,month,S_start,S_end,treatment_level,intensity,frequency,monthly_decline_rate,monthly_tcm_cost,monthly_exercise_cost,monthly_total_cost,cumulative_cost,cumulative_load
796,1,56.0,51.804915675229005,1,2,9,0.07491222008519635,30.0,180.0,210.0,210.0,18
796,2,51.804915675229005,47.92409443067121,1,2,9,0.07491222008519635,30.0,180.0,210.0,420.0,36
796,3,47.92409443067121,44.33399412129703,1,2,9,0.07491222008519635,30.0,180.0,210.0,630.0,54
796,4,44.33399412129703,41.012836196426626,1,2,9,0.07491222008519635,30.0,180.0,210.0,840.0,72
796,5,41.012836196426626,37.94047358496181,1,2,9,0.07491222008519635,30.0,180.0,210.0,1050.0,90
796,6,37.94047358496181,34.905235698164866,1,2,10,0.08,30.0,200.0,230.0,1280.0,110
