sample_id,month,S_start,S_end,treatment_level,intensity,frequency,monthly_decline_rate,monthly_tcm_cost,monthly_exercise_cost,monthly_total_cost,cumulative_cost,cumulative_load
746,1,59.0,56.35017901497341,2,1,9,0.04491222008519636,80.0,108.0,188.0,188.0,9
746,2,56.35017901497341,53.819367373212714,1,1,9,0.04491222008519636,30.0,108.0,138.0,326.0,18
746,3,53.819367373212714,51.40222010090095,1,1,9,0.04491222008519636,30.0,108.0,138.0,464.0,27
746,4,51.40222010090095,49.093632278861584,1,1,9,0.04491222008519636,30.0,108.0,138.0,602.0,36
746,5,49.093632278861584,46.88872826117165,1,1,9,0.04491222008519636,30.0,108.0,138.0,740.0,45
746,6,46.88872826117165,44.54429184811307,1,1,10,0.05,30.0,120.0,150.0,890.0,55
