sample_id,month,S_start,S_end,treatment_level,intensity,frequency,monthly_decline_rate,monthly_tcm_cost,monthly_exercise_cost,monthly_total_cost,cumulative_cost,cumulative_load
412,1,56.0,50.473624279486565,1,3,8,0.09868528072345416,30.0,256.0,286.0,286.0,24
412,2,50.473624279486565,45.49262049833528,1,3,8,0.09868528072345416,30.0,256.0,286.0,572.0,48
412,3,45.49262049833528,40.71988868436161,1,3,9,0.10491222008519635,30.0,288.0,318.0,890.0,75
412,4,40.71988868436161,36.447874760863165,1,3,9,0.10491222008519635,30.0,288.0,318.0,1208.0,102
412,5,36.447874760863165,32.62404730231381,1,3,9,0.10491222008519635,30.0,288.0,318.0,1526.0,129
412,6,32.62404730231381,29.201386071663606,1,3,9,0.10491222008519635,30.0,288.0,318.0,1844.0,156
