sample_id,month,S_start,S_end,treatment_level,intensity,frequency,monthly_decline_rate,monthly_tcm_cost,monthly_exercise_cost,monthly_total_cost,cumulative_cost,cumulative_load
416,1,65.0,60.130705694462236,3,2,9,0.07491222008519635,130.0,180.0,310.0,310.0,18
416,2,60.130705694462236,55.62618103560051,2,2,9,0.07491222008519635,80.0,180.0,260.0,570.0,36
416,3,55.62618103560051,51.459100319362626,1,2,9,0.07491222008519635,30.0,180.0,210.0,780.0,54
416,4,51.459100319362626,47.604184870852336,1,2,9,0.07491222008519635,30.0,180.0,210.0,990.0,72
416,5,47.604184870852336,44.03804969683067,1,2,9,0.07491222008519635,30.0,180.0,210.0,1200.0,90
416,6,44.03804969683067,40.515005721084215,1,2,10,0.08,30.0,200.0,230.0,1430.0,110
