sample_id,month,S_start,S_end,treatment_level,intensity,frequency,monthly_decline_rate,monthly_tcm_cost,monthly_exercise_cost,monthly_total_cost,cumulative_cost,cumulative_load
809,1,55.0,50.8798278953142,1,2,9,0.07491222008519635,30.0,180.0,210.0,210.0,18
809,2,50.8798278953142,47.068307030123506,1,2,9,0.07491222008519635,30.0,180.0,210.0,420.0,36
809,3,47.068307030123506,43.5423156548453,1,2,9,0.07491222008519635,30.0,180.0,210.0,630.0,54
809,4,43.5423156548453,40.28046412149043,1,2,9,0.07491222008519635,30.0,180.0,210.0,840.0,72
809,5,40.28046412149043,37.26296512808749,1,2,9,0.07491222008519635,30.0,180.0,210.0,1050.0,90
809,6,37.26296512808749,34.28192791784049,1,2,10,0.08,30.0,200.0,230.0,1280.0,110
