sample_id,month,S_start,S_end,treatment_level,intensity,frequency,monthly_decline_rate,monthly_tcm_cost,monthly_exercise_cost,monthly_total_cost,cumulative_cost,cumulative_load
178,1,64.0,61.12561791454743,3,1,9,0.04491222008519636,130.0,108.0,238.0,238.0,9
178,2,61.12561791454743,58.38033070992566,2,1,9,0.04491222008519636,80.0,108.0,188.0,426.0,18
178,3,58.38033070992566,55.75834044843493,1,1,9,0.04491222008519636,30.0,108.0,138.0,564.0,27
178,4,55.75834044843493,53.25410959062951,1,1,9,0.04491222008519636,30.0,108.0,138.0,702.0,36
178,5,53.25410959062951,50.862349300253996,1,1,9,0.04491222008519636,30.0,108.0,138.0,840.0,45
178,6,50.862349300253996,48.3192318352413,1,1,10,0.05,30.0,120.0,150.0,990.0,55
