sample_id,month,S_start,S_end,treatment_level,intensity,frequency,monthly_decline_rate,monthly_tcm_cost,monthly_exercise_cost,monthly_total_cost,cumulative_cost,cumulative_load
567,1,64.0,59.20561791454743,3,2,9,0.07491222008519635,130.0,180.0,310.0,310.0,18
567,2,59.20561791454743,54.77039363505281,2,2,9,0.07491222008519635,80.0,180.0,260.0,570.0,36
567,3,54.77039363505281,50.6674218529109,1,2,9,0.07491222008519635,30.0,180.0,210.0,780.0,54
567,4,50.6674218529109,46.87181279591615,1,2,9,0.07491222008519635,30.0,180.0,210.0,990.0,72
567,5,46.87181279591615,43.360541239956355,1,2,9,0.07491222008519635,30.0,180.0,210.0,1200.0,90
567,6,43.360541239956355,39.89169794075985,1,2,10,0.08,30.0,200.0,230.0,1430.0,110
