sample_id,month,S_start,S_end,treatment_level,intensity,frequency,monthly_decline_rate,monthly_tcm_cost,monthly_exercise_cost,monthly_total_cost,cumulative_cost,cumulative_load
313,1,65.0,62.08070569446224,3,1,9,0.04491222008519636,130.0,108.0,238.0,238.0,9
313,2,62.08070569446224,59.292523377268246,3,1,9,0.04491222008519636,130.0,108.0,238.0,476.0,18
313,3,59.292523377268246,56.62956451794172,2,1,9,0.04491222008519636,80.0,108.0,188.0,664.0,27
313,4,56.62956451794172,54.0862050529831,1,1,9,0.04491222008519636,30.0,108.0,138.0,802.0,36
313,5,54.0862050529831,51.65707350807046,1,1,9,0.04491222008519636,30.0,108.0,138.0,940.0,45
313,6,51.65707350807046,49.074219832666934,1,1,10,0.05,30.0,120.0,150.0,1090.0,55
