sample_id,month,S_start,S_end,treatment_level,intensity,frequency,monthly_decline_rate,monthly_tcm_cost,monthly_exercise_cost,monthly_total_cost,cumulative_cost,cumulative_load
745,1,55.0,52.5298278953142,1,1,9,0.04491222008519636,30.0,108.0,138.0,138.0,9
745,2,52.5298278953142,50.170596703842364,1,1,9,0.04491222008519636,30.0,108.0,138.0,276.0,18
745,3,50.170596703842364,47.91732382287377,1,1,9,0.04491222008519636,30.0,108.0,138.0,414.0,27
745,4,47.91732382287377,45.76525042944724,1,1,9,0.04491222008519636,30.0,108.0,138.0,552.0,36
745,5,45.76525042944724,43.70983142990578,1,1,9,0.04491222008519636,30.0,108.0,138.0,690.0,45
745,6,43.70983142990578,41.52433985841049,1,1,10,0.05,30.0,120.0,150.0,840.0,55
