sample_id,month,S_start,S_end,treatment_level,intensity,frequency,monthly_decline_rate,monthly_tcm_cost,monthly_exercise_cost,monthly_total_cost,cumulative_cost,cumulative_load
114,1,57.0,51.37493899876311,1,3,8,0.09868528072345416,30.0,256.0,286.0,286.0,24
114,2,51.37493899876311,46.30498872151984,1,3,8,0.09868528072345416,30.0,256.0,286.0,572.0,48
114,3,46.30498872151984,41.447029553725216,1,3,9,0.10491222008519635,30.0,288.0,318.0,890.0,75
114,4,41.447029553725216,37.098729667307154,1,3,9,0.10491222008519635,30.0,288.0,318.0,1208.0,102
114,5,37.098729667307154,33.20661957556942,1,3,9,0.10491222008519635,30.0,288.0,318.0,1526.0,129
114,6,33.20661957556942,29.72283939437189,1,3,9,0.10491222008519635,30.0,288.0,318.0,1844.0,156
