sample_id,month,S_start,S_end,treatment_level,intensity,frequency,monthly_decline_rate,monthly_tcm_cost,monthly_exercise_cost,monthly_total_cost,cumulative_cost,cumulative_load
92,1,62.0,59.21544235471782,3,1,9,0.04491222008519636,130.0,108.0,238.0,238.0,9
92,2,59.21544235471782,56.555945375240476,2,1,9,0.04491222008519636,80.0,108.0,188.0,426.0,18
92,3,56.555945375240476,54.01589230942133,1,1,9,0.04491222008519636,30.0,108.0,138.0,564.0,27
92,4,54.01589230942133,51.58991866592233,1,1,9,0.04491222008519636,30.0,108.0,138.0,702.0,36
92,5,51.58991866592233,49.27290088462105,1,1,9,0.04491222008519636,30.0,108.0,138.0,840.0,45
92,6,49.27290088462105,46.809255840389994,1,1,10,0.05,30.0,120.0,150.0,990.0,55
