sample_id,month,S_start,S_end,treatment_level,intensity,frequency,monthly_decline_rate,monthly_tcm_cost,monthly_exercise_cost,monthly_total_cost,cumulative_cost,cumulative_load
726,1,60.0,55.505266794888215,2,2,9,0.07491222008519635,80.0,180.0,260.0,260.0,18
726,2,55.505266794888215,51.34724403286201,1,2,9,0.07491222008519635,30.0,180.0,210.0,470.0,36
726,3,51.34724403286201,47.500707987103965,1,2,9,0.07491222008519635,30.0,180.0,210.0,680.0,54
726,4,47.500707987103965,43.94232449617139,1,2,9,0.07491222008519635,30.0,180.0,210.0,890.0,72
726,5,43.94232449617139,40.65050741245908,1,2,9,0.07491222008519635,30.0,180.0,210.0,1100.0,90
726,6,40.65050741245908,37.39846681946236,1,2,10,0.08,30.0,200.0,230.0,1330.0,110
