sample_id,month,S_start,S_end,treatment_level,intensity,frequency,monthly_decline_rate,monthly_tcm_cost,monthly_exercise_cost,monthly_total_cost,cumulative_cost,cumulative_load
230,1,57.0,52.73000345514381,1,2,9,0.07491222008519635,30.0,180.0,210.0,210.0,18
230,2,52.73000345514381,48.77988183121891,1,2,9,0.07491222008519635,30.0,180.0,210.0,420.0,36
230,3,48.77988183121891,45.12567258774877,1,2,9,0.07491222008519635,30.0,180.0,210.0,630.0,54
230,4,45.12567258774877,41.74520827136282,1,2,9,0.07491222008519635,30.0,180.0,210.0,840.0,72
230,5,41.74520827136282,38.61798204183613,1,2,9,0.07491222008519635,30.0,180.0,210.0,1050.0,90
230,6,38.61798204183613,35.52854347848924,1,2,10,0.08,30.0,200.0,230.0,1280.0,110
