sample_id,month,S_start,S_end,treatment_level,intensity,frequency,monthly_decline_rate,monthly_tcm_cost,monthly_exercise_cost,monthly_total_cost,cumulative_cost,cumulative_load
958,1,62.0,57.35544235471782,3,2,9,0.07491222008519635,130.0,180.0,310.0,310.0,18
958,2,57.35544235471782,53.05881883395741,1,2,9,0.07491222008519635,30.0,180.0,210.0,520.0,36
958,3,53.05881883395741,49.08406492000743,1,2,9,0.07491222008519635,30.0,180.0,210.0,730.0,54
958,4,49.08406492000743,45.40706864604376,1,2,9,0.07491222008519635,30.0,180.0,210.0,940.0,72
958,5,45.40706864604376,42.00552432620771,1,2,9,0.07491222008519635,30.0,180.0,210.0,1150.0,90
958,6,42.00552432620771,38.6450823801111,1,2,10,0.08,30.0,200.0,230.0,1380.0,110
