sample_id,month,S_start,S_end,treatment_level,intensity,frequency,monthly_decline_rate,monthly_tcm_cost,monthly_exercise_cost,monthly_total_cost,cumulative_cost,cumulative_load
675,1,60.0,54.07888315659275,2,3,8,0.09868528072345416,80.0,256.0,336.0,336.0,24
675,2,54.07888315659275,48.74209339107352,1,3,8,0.09868528072345416,30.0,256.0,286.0,622.0,48
675,3,48.74209339107352,43.931966221726604,1,3,8,0.09868528072345416,30.0,256.0,286.0,908.0,72
675,4,43.931966221726604,39.32296611269741,1,3,9,0.10491222008519635,30.0,288.0,318.0,1226.0,99
675,5,39.32296611269741,35.197506437479376,1,3,9,0.10491222008519635,30.0,288.0,318.0,1544.0,126
675,6,35.197506437479376,31.50485789566042,1,3,9,0.10491222008519635,30.0,288.0,318.0,1862.0,153
