sample_id,month,S_start,S_end,treatment_level,intensity,frequency,monthly_decline_rate,monthly_tcm_cost,monthly_exercise_cost,monthly_total_cost,cumulative_cost,cumulative_load
365,1,61.0,56.43035457480302,2,2,9,0.07491222008519635,80.0,180.0,260.0,260.0,18
365,2,56.43035457480302,52.203031433409706,1,2,9,0.07491222008519635,30.0,180.0,210.0,470.0,36
365,3,52.203031433409706,48.29238645355569,1,2,9,0.07491222008519635,30.0,180.0,210.0,680.0,54
365,4,48.29238645355569,44.674696571107575,1,2,9,0.07491222008519635,30.0,180.0,210.0,890.0,72
365,5,44.674696571107575,41.3280158693334,1,2,9,0.07491222008519635,30.0,180.0,210.0,1100.0,90
365,6,41.3280158693334,38.02177459978673,1,2,10,0.08,30.0,200.0,230.0,1330.0,110
