sample_id,month,S_start,S_end,treatment_level,intensity,frequency,monthly_decline_rate,monthly_tcm_cost,monthly_exercise_cost,monthly_total_cost,cumulative_cost,cumulative_load
620,1,61.0,58.260354574803024,2,1,9,0.04491222008519636,80.0,108.0,188.0,188.0,9
620,2,58.260354574803024,55.643752707897896,1,1,9,0.04491222008519636,30.0,108.0,138.0,326.0,18
620,3,55.643752707897896,53.144668239914544,1,1,9,0.04491222008519636,30.0,108.0,138.0,464.0,27
620,4,53.144668239914544,50.757823203568755,1,1,9,0.04491222008519636,30.0,108.0,138.0,602.0,36
620,5,50.757823203568755,48.47817667680459,1,1,9,0.04491222008519636,30.0,108.0,138.0,740.0,45
620,6,48.47817667680459,46.05426784296436,1,1,10,0.05,30.0,120.0,150.0,890.0,55
