sample_id,month,S_start,S_end,treatment_level,intensity,frequency,monthly_decline_rate,monthly_tcm_cost,monthly_exercise_cost,monthly_total_cost,cumulative_cost,cumulative_load
574,1,56.0,53.484915675229004,1,1,9,0.04491222008519636,30.0,108.0,138.0,138.0,9
574,2,53.484915675229004,51.08278937118495,1,1,9,0.04491222008519636,30.0,108.0,138.0,276.0,18
574,3,51.08278937118495,48.788547892380564,1,1,9,0.04491222008519636,30.0,108.0,138.0,414.0,27
574,4,48.788547892380564,46.59734589180083,1,1,9,0.04491222008519636,30.0,108.0,138.0,552.0,36
574,5,46.59734589180083,44.50455563772225,1,1,9,0.04491222008519636,30.0,108.0,138.0,690.0,45
574,6,44.50455563772225,42.27932785583614,1,1,10,0.05,30.0,120.0,150.0,840.0,55
