sample_id,month,S_start,S_end,treatment_level,intensity,frequency,monthly_decline_rate,monthly_tcm_cost,monthly_exercise_cost,monthly_total_cost,cumulative_cost,cumulative_load
711,1,61.0,54.980197875869294,2,3,8,0.09868528072345416,80.0,256.0,336.0,336.0,24
711,2,54.980197875869294,49.554461614258074,1,3,8,0.09868528072345416,30.0,256.0,286.0,622.0,48
711,3,49.554461614258074,44.66416565875538,1,3,8,0.09868528072345416,30.0,256.0,286.0,908.0,72
711,4,44.66416565875538,39.97834888124236,1,3,9,0.10491222008519635,30.0,288.0,318.0,1226.0,99
711,5,39.97834888124236,35.784131544770695,1,3,9,0.10491222008519635,30.0,288.0,318.0,1544.0,126
711,6,35.784131544770695,32.02993886058809,1,3,9,0.10491222008519635,30.0,288.0,318.0,1862.0,153
