sample_id,month,S_start,S_end,treatment_level,intensity,frequency,monthly_decline_rate,monthly_tcm_cost,monthly_exercise_cost,monthly_total_cost,cumulative_cost,cumulative_load
838,1,62.0,55.88151259514584,3,3,8,0.09868528072345416,130.0,256.0,386.0,386.0,24
838,2,55.88151259514584,50.36682983744264,1,3,8,0.09868528072345416,30.0,256.0,286.0,672.0,48
838,3,50.36682983744264,45.39636509578416,1,3,8,0.09868528072345416,30.0,256.0,286.0,958.0,72
838,4,45.39636509578416,40.91641206248229,1,3,8,0.09868528072345416,30.0,256.0,286.0,1244.0,96
838,5,40.91641206248229,36.8785644518997,1,3,8,0.09868528072345416,30.0,256.0,286.0,1530.0,120
838,6,36.8785644518997,33.0095523816959,1,3,9,0.10491222008519635,30.0,288.0,318.0,1848.0,147
