method,brier_score,log_loss,roc_auc
isotonic,0.10307981052122694,0.3097852770263234,0.8968002485243863
sigmoid,0.10413268295217144,0.32036578143967415,0.8958185771978874
raw,0.10695415612191733,0.33035998611578865,0.9034607020813917
