feature,mean_abs_shap
血尿酸,0.2817261724054758
气郁质,0.022154397006129634
性别,0.021987520053227686
血瘀质,0.015986855240977895
气虚质,0.014799757717891599
阳虚质,0.011945254768938502
湿热质,0.011252456271421529
平和质,0.010070614525409452
ADL总分,0.009065718622426782
特禀质,0.00838204582160324
阴虚质,0.008376278875751752
年龄组,0.008188148045623803
IADL总分,0.006948355550609402
痰湿质,0.006473498308800986
吸烟史,0.005689258145345176
