leaf_node,rule,sample_count,low_count,mid_count,high_count,dominant_risk,dominant_purity
3,血尿酸 <= 428.0000 and 血尿酸 <= 180.5000 and 血尿酸 <= 155.5000,101,0,92,9,中风险,0.910891089
4,血尿酸 <= 428.0000 and 血尿酸 <= 180.5000 and 血尿酸 > 155.5000,36,6,30,0,中风险,0.833333333
7,血尿酸 <= 428.0000 and 血尿酸 > 180.5000 and 血尿酸 > 357.0000,118,43,75,0,中风险,0.63559322
6,血尿酸 <= 428.0000 and 血尿酸 > 180.5000 and 血尿酸 <= 357.0000,209,198,11,0,低风险,0.947368421
11,血尿酸 > 428.0000 and 阳虚质 > 4.5000 and 气虚质 <= 34.5000,135,0,7,128,高风险,0.948148148
12,血尿酸 > 428.0000 and 阳虚质 > 4.5000 and 气虚质 > 34.5000,65,0,8,57,高风险,0.876923077
9,血尿酸 > 428.0000 and 阳虚质 <= 4.5000,36,0,7,29,高风险,0.805555556
