sample_id,month,S_start,S_end,treatment_level,intensity,frequency,monthly_decline_rate,monthly_tcm_cost,monthly_exercise_cost,monthly_total_cost,cumulative_cost
313,1,65.0,61.75,3,1,10,0.05,130.0,120.0,250.0,250.0
313,2,61.75,58.662499999999994,3,1,10,0.05,130.0,120.0,250.0,500.0
313,3,58.662499999999994,55.72937499999999,2,1,10,0.05,80.0,120.0,200.0,700.0
313,4,55.72937499999999,52.942906249999986,1,1,10,0.05,30.0,120.0,150.0,850.0
313,5,52.942906249999986,50.295760937499985,1,1,10,0.05,30.0,120.0,150.0,1000.0
313,6,50.295760937499985,47.78097289062498,1,1,10,0.05,30.0,120.0,150.0,1150.0
