sample_id,month,S_start,S_end,treatment_level,intensity,frequency,monthly_decline_rate,monthly_tcm_cost,monthly_exercise_cost,monthly_total_cost,cumulative_cost
265,1,57.0,52.440000000000005,1,2,10,0.08,30.0,200.0,230.0,230.0
265,2,52.440000000000005,48.244800000000005,1,2,10,0.08,30.0,200.0,230.0,460.0
265,3,48.244800000000005,44.38521600000001,1,2,10,0.08,30.0,200.0,230.0,690.0
265,4,44.38521600000001,40.83439872000001,1,2,10,0.08,30.0,200.0,230.0,920.0
265,5,40.83439872000001,37.56764682240001,1,2,10,0.08,30.0,200.0,230.0,1150.0
265,6,37.56764682240001,34.56223507660801,1,2,10,0.08,30.0,200.0,230.0,1380.0
