sample_id,month,S_start,S_end,treatment_level,intensity,frequency,monthly_decline_rate,monthly_tcm_cost,monthly_exercise_cost,monthly_total_cost,cumulative_cost
179,1,60.0,57.0,2,1,10,0.05,80.0,120.0,200.0,200.0
179,2,57.0,54.15,1,1,10,0.05,30.0,120.0,150.0,350.0
179,3,54.15,51.442499999999995,1,1,10,0.05,30.0,120.0,150.0,500.0
179,4,51.442499999999995,48.870374999999996,1,1,10,0.05,30.0,120.0,150.0,650.0
179,5,48.870374999999996,46.42685624999999,1,1,10,0.05,30.0,120.0,150.0,800.0
179,6,46.42685624999999,44.105513437499994,1,1,10,0.05,30.0,120.0,150.0,950.0
