sample_id,month,S_start,S_end,treatment_level,intensity,frequency,monthly_decline_rate,monthly_tcm_cost,monthly_exercise_cost,monthly_total_cost,cumulative_cost
114,1,57.0,51.300000000000004,1,3,9,0.1,30.0,288.0,318.0,318.0
114,2,51.300000000000004,46.17,1,3,9,0.1,30.0,288.0,318.0,636.0
114,3,46.17,41.553000000000004,1,3,9,0.1,30.0,288.0,318.0,954.0
114,4,41.553000000000004,37.39770000000001,1,3,9,0.1,30.0,288.0,318.0,1272.0
114,5,37.39770000000001,33.65793000000001,1,3,9,0.1,30.0,288.0,318.0,1590.0
114,6,33.65793000000001,30.292137000000007,1,3,9,0.1,30.0,288.0,318.0,1908.0
