sample_id,month,S_start,S_end,treatment_level,intensity,frequency,monthly_decline_rate,monthly_tcm_cost,monthly_exercise_cost,monthly_total_cost,cumulative_cost
609,1,61.0,56.120000000000005,2,2,10,0.08,80.0,200.0,280.0,280.0
609,2,56.120000000000005,51.63040000000001,1,2,10,0.08,30.0,200.0,230.0,510.0
609,3,51.63040000000001,47.49996800000001,1,2,10,0.08,30.0,200.0,230.0,740.0
609,4,47.49996800000001,43.69997056000001,1,2,10,0.08,30.0,200.0,230.0,970.0
609,5,43.69997056000001,40.20397291520001,1,2,10,0.08,30.0,200.0,230.0,1200.0
609,6,40.20397291520001,36.987655081984016,1,2,10,0.08,30.0,200.0,230.0,1430.0
