sample_id,month,S_start,S_end,treatment_level,intensity,frequency,monthly_decline_rate,monthly_tcm_cost,monthly_exercise_cost,monthly_total_cost,cumulative_cost
370,1,57.0,54.15,1,1,10,0.05,30.0,120.0,150.0,150.0
370,2,54.15,51.442499999999995,1,1,10,0.05,30.0,120.0,150.0,300.0
370,3,51.442499999999995,48.870374999999996,1,1,10,0.05,30.0,120.0,150.0,450.0
370,4,48.870374999999996,46.42685624999999,1,1,10,0.05,30.0,120.0,150.0,600.0
370,5,46.42685624999999,44.105513437499994,1,1,10,0.05,30.0,120.0,150.0,750.0
370,6,44.105513437499994,41.90023776562499,1,1,10,0.05,30.0,120.0,150.0,900.0
