sample_id,month,S_start,S_end,treatment_level,intensity,frequency,monthly_decline_rate,monthly_tcm_cost,monthly_exercise_cost,monthly_total_cost,cumulative_cost
745,1,55.0,52.25,1,1,10,0.05,30.0,120.0,150.0,150.0
745,2,52.25,49.637499999999996,1,1,10,0.05,30.0,120.0,150.0,300.0
745,3,49.637499999999996,47.15562499999999,1,1,10,0.05,30.0,120.0,150.0,450.0
745,4,47.15562499999999,44.79784374999999,1,1,10,0.05,30.0,120.0,150.0,600.0
745,5,44.79784374999999,42.55795156249999,1,1,10,0.05,30.0,120.0,150.0,750.0
745,6,42.55795156249999,40.430053984374986,1,1,10,0.05,30.0,120.0,150.0,900.0
