sample_id,month,S_start,S_end,treatment_level,intensity,frequency,monthly_decline_rate,monthly_tcm_cost,monthly_exercise_cost,monthly_total_cost,cumulative_cost
3,1,59.0,55.459999999999994,2,3,5,0.06,80.0,160.0,240.0,240.0
3,2,55.459999999999994,49.359399999999994,1,3,10,0.11,30.0,320.0,350.0,590.0
3,3,49.359399999999994,43.929866,1,3,10,0.11,30.0,320.0,350.0,940.0
3,4,43.929866,39.09758074,1,3,10,0.11,30.0,320.0,350.0,1290.0
3,5,39.09758074,34.7968468586,1,3,10,0.11,30.0,320.0,350.0,1640.0
3,6,34.7968468586,30.969193704153998,1,3,10,0.11,30.0,320.0,350.0,1990.0
