sample_id,month,S_start,S_end,treatment_level,intensity,frequency,monthly_decline_rate,monthly_tcm_cost,monthly_exercise_cost,monthly_total_cost,cumulative_cost
612,1,62.0,56.42,3,3,8,0.09,130.0,256.0,386.0,386.0
612,2,56.42,50.778000000000006,1,3,9,0.1,30.0,288.0,318.0,704.0
612,3,50.778000000000006,45.70020000000001,1,3,9,0.1,30.0,288.0,318.0,1022.0
612,4,45.70020000000001,41.13018000000001,1,3,9,0.1,30.0,288.0,318.0,1340.0
612,5,41.13018000000001,37.01716200000001,1,3,9,0.1,30.0,288.0,318.0,1658.0
612,6,37.01716200000001,33.31544580000001,1,3,9,0.1,30.0,288.0,318.0,1976.0
