sample_id,month,S_start,S_end,treatment_level,intensity,frequency,monthly_decline_rate,monthly_tcm_cost,monthly_exercise_cost,monthly_total_cost,cumulative_cost
497,1,59.0,54.28,2,2,10,0.08,80.0,200.0,280.0,280.0
497,2,54.28,49.9376,1,2,10,0.08,30.0,200.0,230.0,510.0
497,3,49.9376,45.942592000000005,1,2,10,0.08,30.0,200.0,230.0,740.0
497,4,45.942592000000005,42.26718464,1,2,10,0.08,30.0,200.0,230.0,970.0
497,5,42.26718464,38.8858098688,1,2,10,0.08,30.0,200.0,230.0,1200.0
497,6,38.8858098688,35.774945079296,1,2,10,0.08,30.0,200.0,230.0,1430.0
