sample_id,month,S_start,S_end,treatment_level,intensity,frequency,monthly_decline_rate,monthly_tcm_cost,monthly_exercise_cost,monthly_total_cost,cumulative_cost
698,1,56.0,53.199999999999996,1,1,10,0.05,30.0,120.0,150.0,150.0
698,2,53.199999999999996,50.53999999999999,1,1,10,0.05,30.0,120.0,150.0,300.0
698,3,50.53999999999999,48.01299999999999,1,1,10,0.05,30.0,120.0,150.0,450.0
698,4,48.01299999999999,45.61234999999999,1,1,10,0.05,30.0,120.0,150.0,600.0
698,5,45.61234999999999,43.331732499999994,1,1,10,0.05,30.0,120.0,150.0,750.0
698,6,43.331732499999994,41.16514587499999,1,1,10,0.05,30.0,120.0,150.0,900.0
