sample_id,month,S_start,S_end,treatment_level,intensity,frequency,monthly_decline_rate,monthly_tcm_cost,monthly_exercise_cost,monthly_total_cost,cumulative_cost
796,1,56.0,51.52,1,2,10,0.08,30.0,200.0,230.0,230.0
796,2,51.52,47.3984,1,2,10,0.08,30.0,200.0,230.0,460.0
796,3,47.3984,43.606528000000004,1,2,10,0.08,30.0,200.0,230.0,690.0
796,4,43.606528000000004,40.11800576,1,2,10,0.08,30.0,200.0,230.0,920.0
796,5,40.11800576,36.908565299200006,1,2,10,0.08,30.0,200.0,230.0,1150.0
796,6,36.908565299200006,33.955880075264005,1,2,10,0.08,30.0,200.0,230.0,1380.0
