sample_id,month,S_start,S_end,treatment_level,intensity,frequency,monthly_decline_rate,monthly_tcm_cost,monthly_exercise_cost,monthly_total_cost,cumulative_cost
874,1,60.0,55.2,2,2,10,0.08,80.0,200.0,280.0,280.0
874,2,55.2,50.784000000000006,1,2,10,0.08,30.0,200.0,230.0,510.0
874,3,50.784000000000006,46.72128000000001,1,2,10,0.08,30.0,200.0,230.0,740.0
874,4,46.72128000000001,42.98357760000001,1,2,10,0.08,30.0,200.0,230.0,970.0
874,5,42.98357760000001,39.54489139200001,1,2,10,0.08,30.0,200.0,230.0,1200.0
874,6,39.54489139200001,36.38130008064001,1,2,10,0.08,30.0,200.0,230.0,1430.0
