sample_id,month,S_start,S_end,treatment_level,intensity,frequency,monthly_decline_rate,monthly_tcm_cost,monthly_exercise_cost,monthly_total_cost,cumulative_cost
711,1,61.0,57.339999999999996,2,3,5,0.06,80.0,160.0,240.0,240.0
711,2,57.339999999999996,51.032599999999995,1,3,10,0.11,30.0,320.0,350.0,590.0
711,3,51.032599999999995,45.419014,1,3,10,0.11,30.0,320.0,350.0,940.0
711,4,45.419014,40.422922459999995,1,3,10,0.11,30.0,320.0,350.0,1290.0
711,5,40.422922459999995,35.9764009894,1,3,10,0.11,30.0,320.0,350.0,1640.0
711,6,35.9764009894,32.018996880566,1,3,10,0.11,30.0,320.0,350.0,1990.0
