sample_id,month,S_start,S_end,treatment_level,intensity,frequency,monthly_decline_rate,monthly_tcm_cost,monthly_exercise_cost,monthly_total_cost,cumulative_cost
134,1,64.0,60.8,3,1,10,0.05,130.0,120.0,250.0,250.0
134,2,60.8,57.76,2,1,10,0.05,80.0,120.0,200.0,450.0
134,3,57.76,54.87199999999999,1,1,10,0.05,30.0,120.0,150.0,600.0
134,4,54.87199999999999,52.12839999999999,1,1,10,0.05,30.0,120.0,150.0,750.0
134,5,52.12839999999999,49.52197999999999,1,1,10,0.05,30.0,120.0,150.0,900.0
134,6,49.52197999999999,47.04588099999999,1,1,10,0.05,30.0,120.0,150.0,1050.0
