sample_id,month,S_start,S_end,treatment_level,intensity,frequency,monthly_decline_rate,monthly_tcm_cost,monthly_exercise_cost,monthly_total_cost,cumulative_cost
422,1,59.0,56.05,2,1,10,0.05,80.0,120.0,200.0,200.0
422,2,56.05,53.247499999999995,1,1,10,0.05,30.0,120.0,150.0,350.0
422,3,53.247499999999995,50.58512499999999,1,1,10,0.05,30.0,120.0,150.0,500.0
422,4,50.58512499999999,48.05586874999999,1,1,10,0.05,30.0,120.0,150.0,650.0
422,5,48.05586874999999,45.653075312499986,1,1,10,0.05,30.0,120.0,150.0,800.0
422,6,45.653075312499986,43.37042154687499,1,1,10,0.05,30.0,120.0,150.0,950.0
