sample_id,month,S_start,S_end,treatment_level,intensity,frequency,monthly_decline_rate,monthly_tcm_cost,monthly_exercise_cost,monthly_total_cost,cumulative_cost
413,1,62.0,58.9,3,1,10,0.05,130.0,120.0,250.0,250.0
413,2,58.9,55.955,2,1,10,0.05,80.0,120.0,200.0,450.0
413,3,55.955,53.15725,1,1,10,0.05,30.0,120.0,150.0,600.0
413,4,53.15725,50.4993875,1,1,10,0.05,30.0,120.0,150.0,750.0
413,5,50.4993875,47.97441812499999,1,1,10,0.05,30.0,120.0,150.0,900.0
413,6,47.97441812499999,45.575697218749994,1,1,10,0.05,30.0,120.0,150.0,1050.0
