sample_id,month,S_start,S_end,treatment_level,intensity,frequency,monthly_decline_rate,monthly_tcm_cost,monthly_exercise_cost,monthly_total_cost,cumulative_cost
479,1,61.0,57.949999999999996,2,1,10,0.05,80.0,120.0,200.0,200.0
479,2,57.949999999999996,55.052499999999995,1,1,10,0.05,30.0,120.0,150.0,350.0
479,3,55.052499999999995,52.29987499999999,1,1,10,0.05,30.0,120.0,150.0,500.0
479,4,52.29987499999999,49.68488124999999,1,1,10,0.05,30.0,120.0,150.0,650.0
479,5,49.68488124999999,47.200637187499986,1,1,10,0.05,30.0,120.0,150.0,800.0
479,6,47.200637187499986,44.84060532812499,1,1,10,0.05,30.0,120.0,150.0,950.0
