sample_id,month,S_start,S_end,treatment_level,intensity,frequency,monthly_decline_rate,monthly_tcm_cost,monthly_exercise_cost,monthly_total_cost,cumulative_cost
321,1,56.0,50.4,1,3,9,0.1,30.0,288.0,318.0,318.0
321,2,50.4,45.36,1,3,9,0.1,30.0,288.0,318.0,636.0
321,3,45.36,40.824,1,3,9,0.1,30.0,288.0,318.0,954.0
321,4,40.824,36.7416,1,3,9,0.1,30.0,288.0,318.0,1272.0
321,5,36.7416,33.06744,1,3,9,0.1,30.0,288.0,318.0,1590.0
321,6,33.06744,29.760696,1,3,9,0.1,30.0,288.0,318.0,1908.0
