sample_id,month,S_start,S_end,treatment_level,intensity,frequency,monthly_decline_rate,monthly_tcm_cost,monthly_exercise_cost,monthly_total_cost,cumulative_cost
675,1,60.0,56.4,2,3,5,0.06,80.0,160.0,240.0,240.0
675,2,56.4,50.196,1,3,10,0.11,30.0,320.0,350.0,590.0
675,3,50.196,44.67444,1,3,10,0.11,30.0,320.0,350.0,940.0
675,4,44.67444,39.7602516,1,3,10,0.11,30.0,320.0,350.0,1290.0
675,5,39.7602516,35.386623924,1,3,10,0.11,30.0,320.0,350.0,1640.0
675,6,35.386623924,31.49409529236,1,3,10,0.11,30.0,320.0,350.0,1990.0
