sample_id,month,S_start,S_end,treatment_level,intensity,frequency,monthly_decline_rate,monthly_tcm_cost,monthly_exercise_cost,monthly_total_cost,cumulative_cost
416,1,65.0,59.800000000000004,3,2,10,0.08,130.0,200.0,330.0,330.0
416,2,59.800000000000004,55.016000000000005,2,2,10,0.08,80.0,200.0,280.0,610.0
416,3,55.016000000000005,50.614720000000005,1,2,10,0.08,30.0,200.0,230.0,840.0
416,4,50.614720000000005,46.565542400000005,1,2,10,0.08,30.0,200.0,230.0,1070.0
416,5,46.565542400000005,42.84029900800001,1,2,10,0.08,30.0,200.0,230.0,1300.0
416,6,42.84029900800001,39.41307508736001,1,2,10,0.08,30.0,200.0,230.0,1530.0
