sample_id,month,S_start,S_end,treatment_level,intensity,frequency,monthly_decline_rate,monthly_tcm_cost,monthly_exercise_cost,monthly_total_cost,cumulative_cost
36,1,58.0,53.36,1,2,10,0.08,30.0,200.0,230.0,230.0
36,2,53.36,49.0912,1,2,10,0.08,30.0,200.0,230.0,460.0
36,3,49.0912,45.163904,1,2,10,0.08,30.0,200.0,230.0,690.0
36,4,45.163904,41.55079168,1,2,10,0.08,30.0,200.0,230.0,920.0
36,5,41.55079168,38.2267283456,1,2,10,0.08,30.0,200.0,230.0,1150.0
36,6,38.2267283456,35.168590077952004,1,2,10,0.08,30.0,200.0,230.0,1380.0
