sample_id,month,S_start,S_end,treatment_level,intensity,frequency,monthly_decline_rate,monthly_tcm_cost,monthly_exercise_cost,monthly_total_cost,cumulative_cost
68,1,63.0,57.96,3,2,10,0.08,130.0,200.0,330.0,330.0
68,2,57.96,53.3232,1,2,10,0.08,30.0,200.0,230.0,560.0
68,3,53.3232,49.057344,1,2,10,0.08,30.0,200.0,230.0,790.0
68,4,49.057344,45.132756480000005,1,2,10,0.08,30.0,200.0,230.0,1020.0
68,5,45.132756480000005,41.52213596160001,1,2,10,0.08,30.0,200.0,230.0,1250.0
68,6,41.52213596160001,38.20036508467201,1,2,10,0.08,30.0,200.0,230.0,1480.0
