sample_id,month,S_start,S_end,treatment_level,intensity,frequency,monthly_decline_rate,monthly_tcm_cost,monthly_exercise_cost,monthly_total_cost,cumulative_cost
737,1,63.0,58.589999999999996,3,2,9,0.07,130.0,180.0,310.0,310.0
737,2,58.589999999999996,53.9028,2,2,10,0.08,80.0,200.0,280.0,590.0
737,3,53.9028,47.973492,1,3,10,0.11,30.0,320.0,350.0,940.0
737,4,47.973492,42.69640788,1,3,10,0.11,30.0,320.0,350.0,1290.0
737,5,42.69640788,37.9998030132,1,3,10,0.11,30.0,320.0,350.0,1640.0
737,6,37.9998030132,33.819824681748,1,3,10,0.11,30.0,320.0,350.0,1990.0
