sample_id,month,S_start,S_end,treatment_level,intensity,frequency,monthly_decline_rate,monthly_tcm_cost,monthly_exercise_cost,monthly_total_cost,cumulative_cost
642,1,64.0,58.88,3,2,10,0.08,130.0,200.0,330.0,330.0
642,2,58.88,54.1696,2,2,10,0.08,80.0,200.0,280.0,610.0
642,3,54.1696,49.836032,1,2,10,0.08,30.0,200.0,230.0,840.0
642,4,49.836032,45.849149440000005,1,2,10,0.08,30.0,200.0,230.0,1070.0
642,5,45.849149440000005,42.18121748480001,1,2,10,0.08,30.0,200.0,230.0,1300.0
642,6,42.18121748480001,38.80672008601601,1,2,10,0.08,30.0,200.0,230.0,1530.0
