sample_id,month,S_start,S_end,treatment_level,intensity,frequency,monthly_decline_rate,monthly_tcm_cost,monthly_exercise_cost,monthly_total_cost,cumulative_cost
720,1,64.0,59.519999999999996,3,2,9,0.07,130.0,180.0,310.0,310.0
720,2,59.519999999999996,54.7584,2,2,10,0.08,80.0,200.0,280.0,590.0
720,3,54.7584,48.734976,1,3,10,0.11,30.0,320.0,350.0,940.0
720,4,48.734976,43.37412864,1,3,10,0.11,30.0,320.0,350.0,1290.0
720,5,43.37412864,38.6029744896,1,3,10,0.11,30.0,320.0,350.0,1640.0
720,6,38.6029744896,34.356647295744004,1,3,10,0.11,30.0,320.0,350.0,1990.0
