sample_id,month,S_start,S_end,treatment_level,intensity,frequency,monthly_decline_rate,monthly_tcm_cost,monthly_exercise_cost,monthly_total_cost,cumulative_cost
633,1,55.0,50.6,1,2,10,0.08,30.0,200.0,230.0,230.0
633,2,50.6,46.55200000000001,1,2,10,0.08,30.0,200.0,230.0,460.0
633,3,46.55200000000001,42.82784000000001,1,2,10,0.08,30.0,200.0,230.0,690.0
633,4,42.82784000000001,39.40161280000001,1,2,10,0.08,30.0,200.0,230.0,920.0
633,5,39.40161280000001,36.24948377600001,1,2,10,0.08,30.0,200.0,230.0,1150.0
633,6,36.24948377600001,33.34952507392001,1,2,10,0.08,30.0,200.0,230.0,1380.0
