sample_id,month,S_start,S_end,treatment_level,intensity,frequency,monthly_decline_rate,monthly_tcm_cost,monthly_exercise_cost,monthly_total_cost,cumulative_cost
150,1,58.0,55.099999999999994,1,1,10,0.05,30.0,120.0,150.0,150.0
150,2,55.099999999999994,52.34499999999999,1,1,10,0.05,30.0,120.0,150.0,300.0
150,3,52.34499999999999,49.72774999999999,1,1,10,0.05,30.0,120.0,150.0,450.0
150,4,49.72774999999999,47.241362499999994,1,1,10,0.05,30.0,120.0,150.0,600.0
150,5,47.241362499999994,44.87929437499999,1,1,10,0.05,30.0,120.0,150.0,750.0
150,6,44.87929437499999,42.63532965624999,1,1,10,0.05,30.0,120.0,150.0,900.0
