sample_id,month,S_start,S_end,treatment_level,intensity,frequency,monthly_decline_rate,monthly_tcm_cost,monthly_exercise_cost,monthly_total_cost,cumulative_cost
722,1,62.0,57.04,3,2,10,0.08,130.0,200.0,330.0,330.0
722,2,57.04,52.476800000000004,1,2,10,0.08,30.0,200.0,230.0,560.0
722,3,52.476800000000004,48.278656000000005,1,2,10,0.08,30.0,200.0,230.0,790.0
722,4,48.278656000000005,44.416363520000004,1,2,10,0.08,30.0,200.0,230.0,1020.0
722,5,44.416363520000004,40.863054438400006,1,2,10,0.08,30.0,200.0,230.0,1250.0
722,6,40.863054438400006,37.59401008332801,1,2,10,0.08,30.0,200.0,230.0,1480.0
