sample_id,month,S_start,S_end,treatment_level,intensity,frequency,monthly_decline_rate,monthly_tcm_cost,monthly_exercise_cost,monthly_total_cost,cumulative_cost
649,1,63.0,59.849999999999994,3,1,10,0.05,130.0,120.0,250.0,250.0
649,2,59.849999999999994,56.857499999999995,2,1,10,0.05,80.0,120.0,200.0,450.0
649,3,56.857499999999995,54.014624999999995,1,1,10,0.05,30.0,120.0,150.0,600.0
649,4,54.014624999999995,51.31389374999999,1,1,10,0.05,30.0,120.0,150.0,750.0
649,5,51.31389374999999,48.74819906249999,1,1,10,0.05,30.0,120.0,150.0,900.0
649,6,48.74819906249999,46.31078910937499,1,1,10,0.05,30.0,120.0,150.0,1050.0
