sample_id,month,S_start,S_end,treatment_level,intensity,frequency,monthly_decline_rate,monthly_tcm_cost,monthly_exercise_cost,monthly_total_cost,cumulative_cost
898,1,58.0,52.2,1,3,9,0.1,30.0,288.0,318.0,318.0
898,2,52.2,46.980000000000004,1,3,9,0.1,30.0,288.0,318.0,636.0
898,3,46.980000000000004,42.282000000000004,1,3,9,0.1,30.0,288.0,318.0,954.0
898,4,42.282000000000004,38.0538,1,3,9,0.1,30.0,288.0,318.0,1272.0
898,5,38.0538,34.24842,1,3,9,0.1,30.0,288.0,318.0,1590.0
898,6,34.24842,30.823578000000005,1,3,9,0.1,30.0,288.0,318.0,1908.0
