ccp_alpha,mean_balanced_accuracy,std_balanced_accuracy,mean_n_leaves,mean_depth
0.018874908667578794,0.8095557543231962,0.05085265758951853,3.4,2.4
0.004113448880972412,0.8015056648777581,0.13359266691400118,5.8,4.0
8.299304396174604e-15,0.8015056648777581,0.13359266691400118,6.0,4.0
0.0,0.8015056648777581,0.13359266691400118,6.0,4.0
0.08871100841722906,0.7550983899821109,0.07955999529540815,2.6,1.6
0.14759036144577986,0.6558139534883721,0.0833973073350749,1.8,0.8
