method,brier_score,log_loss,roc_auc
isotonic,0.0004978838071336282,0.002981742666323605,1.0
sigmoid,0.0024660014575307457,0.02409557787484342,1.0
raw,0.01003336507936508,0.07089900533093617,1.0
