模型,数据源,n,R2,调整R2,AIC,BIC,RMSE
OLS基线模型,Q1_D2_缩尾数据.csv,1000,0.0050943980481052975,-0.003950198333275479,8856.356598146082,8905.434150935904,20.07027301527355
