变量名,n,Pearson_r,p值,方向,强度分级
LDL-C（低密度脂蛋白）,1000,0.01646279741668017,0.6030750901284287,正相关,很弱
HDL-C（高密度脂蛋白）,1000,0.015118932039062019,0.6329833888195909,正相关,很弱
血尿酸,1000,-0.0030793016068734955,0.9225242826507786,负相关,很弱
BMI,1000,-0.005777169599586102,0.8552192535663227,负相关,很弱
空腹血糖,1000,-0.01754085143656999,0.5795519579320396,负相关,很弱
TG（甘油三酯）,1000,-0.01958048161492301,0.5362628948716204,负相关,很弱
TC（总胆固醇）,1000,-0.04182875481238091,0.18627957994465483,负相关,很弱
