,痰湿质,HDL-C（高密度脂蛋白）,LDL-C（低密度脂蛋白）,TG（甘油三酯）,TC（总胆固醇）,空腹血糖,血尿酸,BMI
痰湿质,1.0,0.015118932039061892,0.016462797416680216,-0.019580481614922974,-0.04182875481238096,-0.017540851436570203,-0.00307930160687354,-0.00577716959958619
HDL-C（高密度脂蛋白）,0.015118932039061892,1.0,0.03819170464059868,-0.07358292325588311,-0.039169839061150506,0.0025035408284506556,-0.0542214373586072,-0.031377344088316834
LDL-C（低密度脂蛋白）,0.016462797416680216,0.03819170464059868,1.0,0.0741558970138849,0.10615974544952714,-0.0034068689922054952,0.005090395996060664,0.0639014695261512
TG（甘油三酯）,-0.019580481614922974,-0.07358292325588311,0.0741558970138849,1.0,-0.04313486489788292,-0.00431121267668928,0.039126989156866576,-0.030526914172719823
TC（总胆固醇）,-0.04182875481238096,-0.039169839061150506,0.10615974544952714,-0.04313486489788292,1.0,-0.01765606345982758,0.0274276901603816,0.024288366473234357
空腹血糖,-0.017540851436570203,0.0025035408284506556,-0.0034068689922054952,-0.00431121267668928,-0.01765606345982758,1.0,-0.008103973320959287,0.04652423623602621
血尿酸,-0.00307930160687354,-0.0542214373586072,0.005090395996060664,0.039126989156866576,0.0274276901603816,-0.008103973320959287,1.0,0.0034426721547464534
BMI,-0.00577716959958619,-0.031377344088316834,0.0639014695261512,-0.030526914172719823,0.024288366473234357,0.04652423623602621,0.0034426721547464534,1.0
