变量名,OLS线性系数,OLS方向,总体效应F值,总体效应自由度差,总体效应P值,非线性F值,非线性自由度差,非线性P值,RCS形态标签,是否列为关键指标,指标类型,结点5%,结点35%,结点65%,结点95%
ADL总分,-0.75927764244362,负向,3.3865110800124336,3.0,0.0176377145822164,4.490383287571358,2.0,0.01144999710436832,倒U型,是,关键非线性指标,-1.7259836659160648,-0.418640374109586,0.4529218204280665,1.61500474647827
BMI,-0.2010113565406289,负向,1.0477853635537706,3.0,0.37055460146646724,1.4984880962835045,2.0,0.22398354645781798,倒U型,否,非关键指标,-1.654448019757546,-0.36856417521604373,0.38617612077187113,1.7280944252970392
TG（甘油三酯）,-0.3778662410748245,负向,0.5177652395394688,3.0,0.67012649046444,0.44882213792118825,2.0,0.63851186486461,存在平台,否,非关键指标,-1.4600322560593193,-0.506427743159424,0.4479885817996762,1.6153841231823702
TC（总胆固醇）,-0.8693162298670256,负向,0.4970277697959276,3.0,0.6844168525432524,0.1440357509446028,2.0,0.8658752696388093,存在阈值,否,非关键指标,-1.5330767768972182,-0.5600908578421813,0.5059764037531536,1.53671902749471
HDL-C（高密度脂蛋白）,0.1936999511183929,正向,0.4831073737418487,3.0,0.6940930799391962,0.624676470839687,2.0,0.5356494447312908,倒U型,否,非关键指标,-1.6421016225770173,-0.3382772766171962,0.38051150120739513,1.6237626690819933
血尿酸,0.0003185458211077963,正向,0.4632287544598927,3.0,0.708019484379703,0.6855495600691655,2.0,0.5040567098887136,局部转折,否,非关键指标,-1.6294105351667985,-0.4216714128136508,0.6122892519253907,1.4427848928154154
IADL总分,0.47318158447130254,正向,0.42290232857015025,3.0,0.7366187810188993,0.40587663968140675,2.0,0.6665052565094205,存在平台,否,非关键指标,-1.5143111170055037,-0.3949829329489547,0.4445132050934569,1.7037574121570744
空腹血糖,-0.356912304794211,负向,0.4152044054429528,3.0,0.7421240385377559,0.5019825508724844,2.0,0.6054862141887412,倒U型,否,非关键指标,-1.6601035845130894,-0.39860062857348005,0.3887214927009739,1.610075985069352
LDL-C（低密度脂蛋白）,0.45479334170609664,正向,0.24683787520936787,3.0,0.8636124636539629,0.13922529345668816,2.0,0.87004934095146,存在平台,否,非关键指标,-1.679653009720944,-0.34378994326645235,0.3834642318033134,1.6456062654319688
