变量名,OLS线性系数,OLS方向,总体效应F值,总体效应自由度差,总体效应P值,非线性F值,非线性自由度差,非线性P值,RCS形态标签,是否列为关键指标,指标类型,结点5%,结点35%,结点65%,结点95%
ADL总分,-0.10995602880789762,负向,3.3696867288961325,3.0,0.018046233232179163,4.465323752688907,2.0,0.011737868382514925,倒U型,是,关键非线性指标,13.0,22.0,28.0,36.0
BMI,-0.06835770748873404,负向,1.0577933110148439,3.0,0.36617321778671724,1.516223470541164,2.0,0.22005820042330038,倒U型,否,非关键指标,17.114430000000002,20.89362,23.074324999999998,26.894289999999998
TC（总胆固醇）,-0.48072280245460575,负向,0.5315421569593919,3.0,0.660719490385469,0.14212927824979454,2.0,0.8675271249856925,存在阈值,否,非关键指标,3.0925350000000003,4.897815,6.837405,8.684835
血尿酸,-5.302021064751156e-05,负向,0.4865877596496132,3.0,0.691667763243684,0.7212267329256808,2.0,0.48641548664420864,局部转折,否,非关键指标,104.95,280.29999999999995,425.0,539.0999999999999
TG（甘油三酯）,-0.4301822081076694,负向,0.47841178277696406,3.0,0.6973714626241024,0.3059374368803846,2.0,0.7365035792164356,存在平台,否,非关键指标,0.57031,1.28712,2.222725,3.7214
HDL-C（高密度脂蛋白）,0.7586997239780828,正向,0.4639857622687945,3.0,0.7074869182336465,0.6035361252132205,2.0,0.547079205975705,倒U型,否,非关键指标,0.877855,1.218225,1.4029,1.7180549999999999
空腹血糖,-0.3489900876466285,负向,0.4256672349383741,3.0,0.734644690342771,0.5182635232023102,2.0,0.5957182938069928,倒U型,否,非关键指标,3.3069200000000003,4.590795,5.37814,6.58251
IADL总分,0.06565244830321504,正向,0.42108621208895214,3.0,0.7379164081389357,0.4059365939541935,2.0,0.6664653312139004,存在平台,否,非关键指标,14.0,22.0,28.0,37.0
LDL-C（低密度脂蛋白）,0.762522416217445,正向,0.24961849616987372,3.0,0.8616339006858111,0.14389289057720386,2.0,0.8659989410973096,存在平台,否,非关键指标,1.5923800000000001,2.404,2.84134,3.5942049999999997
