模型,数据源,n,R2,调整R2,AIC,BIC,RMSE
OLS基线模型,Q1_D2_缩尾数据.csv,1000,0.0050943980481052975,-0.003950198333275479,8856.356598146082,8905.434150935904,20.07027301527355
RCS全变量模型,Q1_D2_缩尾数据.csv,1000,0.02378066105028176,-0.003336542809432519,8873.396031593285,9010.813179404786,19.880900213888523
