变量名,别名,knot_5%,knot_35%,knot_65%,knot_95%
HDL-C（高密度脂蛋白）,hdl_c,0.877855,1.218225,1.4029,1.7180549999999999
LDL-C（低密度脂蛋白）,ldl_c,1.5923800000000001,2.404,2.84134,3.5942049999999997
TG（甘油三酯）,tg,0.57031,1.28712,2.222725,3.7214
TC（总胆固醇）,tc,3.0925350000000003,4.897815,6.837405,8.684835
空腹血糖,fbg,3.3069200000000003,4.590795,5.37814,6.58251
血尿酸,uric_acid,104.95,280.29999999999995,425.0,539.0999999999999
BMI,bmi,17.114430000000002,20.89362,23.074324999999998,26.894289999999998
ADL总分,adl_total,13.0,22.0,28.0,36.0
IADL总分,iadl_total,14.0,22.0,28.0,37.0
