模型,数据源,n,R2,调整R2,AIC,BIC,RMSE
OLS基线模型,Q1_D2_预处理结果.csv,1000,0.004974977567765215,-0.004070704454345986,8856.4766229138,8905.554175703623,20.07147751634403
RCS全变量模型,Q1_D2_预处理结果.csv,1000,0.02384114955638683,-0.0032743740670466703,8873.334067670054,9010.751215481554,19.880284274142753
