数据源,n,R2,调整R2,RESET_F统计量,p值,是否拒绝H0,结论
Q1_D2_缩尾数据.csv,1000,0.0050943980481052975,-0.003950198333275479,0.14861077675437473,0.861923785748197,否,未发现显著函数形式设定错误，当前线性形式暂可接受
