变量名,n,Spearman_rho,p值,方向,强度分级
IADL总分,1000,0.02047622118278401,0.517778923306375,正相关,很弱
ADL总分,1000,-0.053203517473315774,0.09266007118241282,负相关,很弱
