,痰湿质,ADL总分,IADL总分
痰湿质,1.0,-0.053203517473315774,0.02047622118278401
ADL总分,-0.053203517473315774,1.0,0.034972311320221404
IADL总分,0.02047622118278401,0.034972311320221404,1.0
