feature_a,feature_b,mean_abs_interaction
痰湿质,TG（甘油三酯）,0.0008337727150012193
痰湿质,血尿酸,0.0006532573551670585
痰湿质,TC（总胆固醇）,0.0006162516818722382
痰湿质,LDL-C（低密度脂蛋白）,0.00026420236263850766
痰湿质,HDL-C（高密度脂蛋白）,0.0002559186987043979
痰湿质,IADL总分,0.00024312197428634597
痰湿质,ADL总分,0.0002141020002217871
